Time   ,AFR   ,AVCS L ,AVCS R ,Boost  ,F Knock ,Fuel Pump Duty ,Inj Duty Cycle ,Intake Temp ,Knock Sum ,MAF    ,MAF Volts ,MAP   ,OCV Duty Int L ,OCV Duty Int R ,RPM  ,TD Boost Error ,Throttle Pos ,Vehicle Speed ,Wastegate Duty ,
 0.000 ,14.70 ,     0 ,     0 ,-8.39  ,   0.00 ,          33.3 ,          4.51 ,         72 ,        1 , 15.65 ,     1.92 , 5.74 ,           9.4 ,           9.4 ,1922 ,1.75           ,         9.0 ,           28 ,          0.00 ,
 0.065 ,14.70 ,     0 ,     0 ,-8.33  ,   0.00 ,          33.3 ,          4.48 ,         72 ,        1 , 15.78 ,     1.92 , 5.82 ,           9.4 ,           9.4 ,1908 ,1.63           ,         9.0 ,           28 ,          0.00 ,
 0.141 ,14.70 ,     0 ,     0 ,-8.29  ,   0.00 ,          33.3 ,          4.54 ,         72 ,        1 , 15.78 ,     1.94 , 5.84 ,           9.4 ,           9.4 ,1936 ,1.55           ,         9.0 ,           28 ,          0.00 ,
 0.217 ,14.81 ,     0 ,     0 ,-8.28  ,   0.00 ,          33.3 ,          4.54 ,         72 ,        1 , 15.78 ,     1.92 , 5.86 ,           9.4 ,           9.4 ,1937 ,1.56           ,         9.0 ,           28 ,          0.00 ,
 0.321 ,14.70 ,     0 ,     0 ,-8.28  ,   0.00 ,          33.3 ,          4.54 ,         72 ,        1 , 15.91 ,     1.94 , 5.86 ,           9.4 ,           9.4 ,1934 ,1.53           ,         8.6 ,           28 ,          0.00 ,
 0.423 ,14.70 ,     0 ,     0 ,-8.29  ,   0.00 ,          33.3 ,          4.54 ,         72 ,        1 , 15.91 ,     1.92 , 5.86 ,           9.4 ,           9.4 ,1936 ,1.55           ,         9.0 ,           28 ,          0.00 ,
 0.524 ,14.47 ,     0 ,     0 ,-8.28  ,   0.00 ,          33.3 ,          4.53 ,         72 ,        1 , 15.78 ,     1.92 , 5.86 ,           9.4 ,           9.4 ,1932 ,1.46           ,         8.6 ,           28 ,          0.00 ,
 0.601 ,14.36 ,     0 ,     0 ,-8.28  ,   0.00 ,          33.3 ,          4.50 ,         72 ,        1 , 15.91 ,     1.92 , 5.86 ,           9.4 ,           9.4 ,1916 ,1.49           ,         8.6 ,           28 ,          0.00 ,
 0.693 ,14.36 ,     0 ,     0 ,-8.28  ,   0.00 ,          33.3 ,          4.50 ,         72 ,        1 , 15.91 ,     1.92 , 5.86 ,           9.4 ,           9.4 ,1918 ,1.46           ,         8.6 ,           28 ,          0.00 ,
 0.766 ,14.36 ,     0 ,     0 ,-8.29  ,   0.00 ,          33.3 ,          4.48 ,         72 ,        1 , 15.85 ,     1.94 , 5.86 ,           9.4 ,           9.4 ,1909 ,1.50           ,         8.6 ,           28 ,          0.00 ,
 0.884 ,14.36 ,     0 ,     0 ,-8.28  ,   0.00 ,          33.3 ,          4.53 ,         72 ,        1 , 15.78 ,     1.94 , 5.86 ,           9.4 ,           9.4 ,1932 ,1.57           ,         8.6 ,           28 ,          0.00 ,
 0.955 ,14.36 ,     0 ,     0 ,-8.29  ,   0.00 ,          33.3 ,          4.50 ,         72 ,        1 , 16.31 ,     1.94 , 5.86 ,           9.4 ,           9.4 ,1916 ,1.63           ,         9.0 ,           28 ,          0.00 ,
 1.036 ,14.36 ,     0 ,     0 ,-8.28  ,   0.00 ,          33.3 ,          4.60 ,         72 ,        1 , 16.05 ,     1.94 , 5.86 ,           9.4 ,           9.4 ,1960 ,1.70           ,         8.6 ,           28 ,          0.00 ,
 1.116 ,14.47 ,     0 ,     0 ,-8.28  ,   0.00 ,          33.3 ,          4.51 ,         72 ,        1 , 16.18 ,     1.94 , 5.86 ,           9.4 ,           9.4 ,1923 ,1.58           ,         9.0 ,           28 ,          0.00 ,
 1.215 ,14.47 ,     0 ,     0 ,-8.29  ,   0.00 ,          33.3 ,          4.57 ,         72 ,        1 , 16.11 ,     1.94 , 5.86 ,           9.4 ,           9.4 ,1948 ,1.60           ,         9.0 ,           28 ,          0.00 ,
 1.322 ,14.59 ,     0 ,     0 ,-8.28  ,   0.00 ,          33.3 ,          4.53 ,         72 ,        1 , 16.18 ,     1.94 , 5.86 ,           9.4 ,           9.4 ,1932 ,1.64           ,         9.0 ,           28 ,          0.00 ,
 1.408 ,14.59 ,     0 ,     0 ,-8.29  ,   0.00 ,          33.3 ,          4.52 ,         72 ,        1 , 16.31 ,     1.94 , 5.86 ,           9.4 ,           9.4 ,1927 ,1.64           ,         9.0 ,           28 ,          0.00 ,
 1.503 ,14.70 ,     0 ,     0 ,-8.26  ,   0.00 ,          33.3 ,          4.49 ,         72 ,        1 , 16.24 ,     1.94 , 5.86 ,           9.4 ,           9.4 ,1913 ,1.72           ,         9.0 ,           28 ,          0.00 ,
 1.583 ,14.81 ,     0 ,     0 ,-8.24  ,   0.00 ,          33.3 ,          4.51 ,         72 ,        1 , 16.59 ,     2.00 , 5.92 ,           9.4 ,           9.4 ,1923 ,1.84           ,         9.8 ,           28 ,          0.00 ,
 1.662 ,14.81 ,     0 ,     0 ,-7.88  ,   0.00 ,          33.3 ,          4.92 ,         72 ,        1 , 19.54 ,     2.10 , 6.17 ,           9.4 ,           9.4 ,1922 ,4.00           ,        12.2 ,           28 ,          0.00 ,
 1.752 ,14.93 ,     0 ,     0 ,-7.10  ,   0.00 ,          66.7 ,          5.81 ,         72 ,        1 , 23.54 ,     2.22 , 6.61 ,           9.4 ,           9.4 ,1944 ,5.20           ,        14.5 ,           28 ,          0.00 ,
 1.838 ,15.16 ,     0 ,     0 ,-5.45  ,   0.00 ,          66.7 ,          8.76 ,         72 ,        1 , 30.06 ,     2.48 , 8.35 ,           9.4 ,           9.4 ,1954 ,8.04           ,        22.0 ,           28 ,          7.06 ,
 1.936 ,14.81 ,     0 ,     0 ,-1.42  ,   0.00 ,          66.7 ,         11.37 ,         72 ,        1 , 45.36 ,     2.60 ,10.50 ,           9.4 ,           9.4 ,1973 ,8.27           ,        40.4 ,           28 ,         45.10 ,
 2.025 ,14.36 ,     0 ,     0 ,0.12   ,   0.00 ,          66.7 ,         10.08 ,         72 ,        1 , 39.60 ,     2.54 ,14.27 ,           9.4 ,           9.4 ,1970 ,11.08          ,       100.0 ,           29 ,         43.92 ,
 2.115 ,14.70 ,     0 ,     0 ,0.24   ,   0.00 ,          66.7 ,         10.66 ,         72 ,        1 , 40.10 ,     2.56 ,14.37 ,           9.4 ,           9.4 ,1998 ,11.87          ,       100.0 ,           29 ,         43.92 ,
 2.210 ,15.16 ,     0 ,     0 ,0.36   ,   0.00 ,         100.0 ,         11.06 ,         72 ,        1 , 40.22 ,     2.62 ,14.44 ,           9.4 ,           9.4 ,1994 ,13.59          ,       100.0 ,           29 ,         43.92 ,
 2.287 ,14.93 ,     0 ,     0 ,0.46   ,   0.00 ,         100.0 ,         11.69 ,         72 ,        1 , 43.34 ,     2.64 ,14.60 ,           9.4 ,           9.4 ,2030 ,13.93          ,       100.0 ,           29 ,         43.92 ,
 2.382 ,14.47 ,     0 ,     0 ,0.62   ,   0.00 ,         100.0 ,         12.17 ,         72 ,        1 , 44.52 ,     2.68 ,14.70 ,           9.4 ,           9.4 ,2038 ,12.16          ,       100.0 ,           29 ,         43.92 ,
 2.472 ,13.90 ,     0 ,     0 ,0.75   ,   0.00 ,         100.0 ,         12.18 ,         72 ,        1 , 46.90 ,     2.66 ,14.87 ,           9.4 ,           9.4 ,2040 ,13.61          ,       100.0 ,           29 ,         43.92 ,
 2.559 ,13.67 ,     0 ,     0 ,0.91   ,   0.00 ,         100.0 ,         12.06 ,         70 ,        1 , 47.82 ,     2.68 ,15.01 ,           9.4 ,           9.4 ,2094 ,13.87          ,       100.0 ,           30 ,         43.92 ,
 2.651 ,13.67 ,     0 ,     0 ,1.04   ,   0.00 ,         100.0 ,         11.41 ,         70 ,        1 , 50.02 ,     2.72 ,15.08 ,           9.4 ,           9.4 ,2058 ,13.69          ,       100.0 ,           30 ,         43.92 ,
 2.744 ,13.90 ,     0 ,     0 ,1.19   ,   0.00 ,         100.0 ,         11.98 ,         70 ,        1 , 50.73 ,     2.80 ,15.31 ,           9.4 ,           9.4 ,2080 ,13.75          ,       100.0 ,           30 ,         43.92 ,
 2.835 ,14.13 ,     0 ,     0 ,1.32   ,   0.00 ,         100.0 ,         11.67 ,         70 ,        1 , 52.31 ,     2.78 ,15.43 ,           9.4 ,           9.4 ,2104 ,13.85          ,       100.0 ,           30 ,         43.92 ,
 2.918 ,14.24 ,     0 ,     0 ,1.47   ,   0.00 ,         100.0 ,         12.03 ,         70 ,        1 , 53.33 ,     2.76 ,15.60 ,           9.4 ,           9.4 ,2088 ,14.01          ,       100.0 ,           30 ,         43.92 ,
 3.016 ,14.47 ,     0 ,     0 ,1.61   ,   0.00 ,         100.0 ,         12.38 ,         70 ,        1 , 54.62 ,     2.88 ,15.70 ,           9.4 ,           9.4 ,2150 ,14.18          ,       100.0 ,           30 ,         43.92 ,
 3.105 ,14.59 ,     0 ,     0 ,1.71   ,   0.00 ,         100.0 ,         12.31 ,         70 ,        1 , 56.91 ,     2.80 ,15.82 ,           9.4 ,           9.4 ,2138 ,14.07          ,       100.0 ,           31 ,         43.92 ,
 3.197 ,14.59 ,     0 ,     0 ,1.86   ,   0.00 ,         100.0 ,         12.94 ,         70 ,        1 , 57.06 ,     2.90 ,15.99 ,           9.4 ,           9.4 ,2166 ,13.89          ,       100.0 ,           31 ,         43.92 ,
 3.276 ,14.59 ,     0 ,     0 ,1.98   ,   0.00 ,         100.0 ,         12.90 ,         70 ,        1 , 58.49 ,     2.84 ,16.07 ,           9.4 ,           9.4 ,2160 ,13.81          ,       100.0 ,           32 ,         43.92 ,
 3.369 ,14.47 ,     0 ,     0 ,2.09   ,   0.00 ,         100.0 ,         13.58 ,         70 ,        1 , 59.65 ,     2.94 ,16.22 ,           9.4 ,           9.4 ,2196 ,13.73          ,       100.0 ,           32 ,         43.92 ,
 3.461 ,14.24 ,     0 ,     0 ,2.17   ,   0.00 ,         100.0 ,         13.84 ,         70 ,        1 , 60.82 ,     2.88 ,16.30 ,           9.4 ,           9.4 ,2238 ,13.57          ,       100.0 ,           32 ,         43.92 ,
 3.560 ,14.24 ,     0 ,     0 ,2.28   ,   0.00 ,         100.0 ,         13.60 ,         70 ,        1 , 61.62 ,     2.92 ,16.46 ,           9.4 ,           9.4 ,2198 ,13.52          ,       100.0 ,           32 ,         43.92 ,
 3.635 ,14.01 ,     0 ,     0 ,2.37   ,   0.00 ,         100.0 ,         13.98 ,         70 ,        1 , 64.15 ,     2.98 ,16.49 ,           9.4 ,           9.4 ,2260 ,13.39          ,       100.0 ,           32 ,         43.92 ,
 3.732 ,14.13 ,     0 ,     0 ,2.48   ,   0.00 ,         100.0 ,         14.01 ,         70 ,        1 , 64.87 ,     2.98 ,16.53 ,           9.4 ,           9.4 ,2265 ,13.34          ,       100.0 ,           32 ,         43.92 ,
 3.821 ,14.13 ,     0 ,     0 ,2.54   ,   0.00 ,         100.0 ,         13.90 ,         70 ,        1 , 66.54 ,     2.98 ,16.65 ,           9.4 ,           9.4 ,2247 ,13.24          ,       100.0 ,           33 ,         43.92 ,
 3.912 ,14.01 ,     0 ,     0 ,2.60   ,   0.00 ,         100.0 ,         14.82 ,         70 ,        1 , 68.06 ,     2.98 ,16.75 ,           9.4 ,           9.4 ,2316 ,13.12          ,       100.0 ,           33 ,         43.92 ,
 4.006 ,14.01 ,     0 ,     0 ,2.69   ,   0.00 ,         100.0 ,         14.74 ,         70 ,        1 , 70.28 ,     2.98 ,16.84 ,           9.4 ,           9.4 ,2304 ,13.11          ,       100.0 ,           34 ,         43.92 ,
 4.102 ,14.01 ,     0 ,     0 ,2.74   ,   0.00 ,         100.0 ,         16.33 ,         70 ,        1 , 71.04 ,     3.02 ,16.84 ,           9.4 ,           9.4 ,2320 ,13.02          ,       100.0 ,           34 ,         43.92 ,
 4.184 ,13.67 ,     0 ,     0 ,2.79   ,   0.00 ,         100.0 ,         17.08 ,         70 ,        1 , 72.33 ,     3.02 ,16.96 ,           9.4 ,           9.4 ,2355 ,12.91          ,       100.0 ,           34 ,         43.92 ,
 4.269 ,13.09 ,     0 ,     0 ,2.90   ,   0.00 ,         100.0 ,         17.59 ,         70 ,        1 , 73.30 ,     3.02 ,17.06 ,           9.4 ,           9.4 ,2356 ,12.88          ,       100.0 ,           34 ,         43.92 ,
 4.359 ,12.75 ,     0 ,     0 ,2.96   ,   0.00 ,         100.0 ,         17.74 ,         70 ,        1 , 75.34 ,     3.06 ,17.06 ,           9.4 ,           9.4 ,2376 ,12.83          ,       100.0 ,           34 ,         43.92 ,
 4.450 ,12.63 ,     0 ,     0 ,3.06   ,   0.00 ,         100.0 ,         18.53 ,         70 ,        1 , 76.17 ,     3.16 ,17.21 ,           9.4 ,           9.4 ,2413 ,12.74          ,       100.0 ,           35 ,         43.53 ,
 4.549 ,12.29 ,     0 ,     0 ,3.11   ,   0.00 ,         100.0 ,         19.10 ,         70 ,        1 , 77.18 ,     3.18 ,17.21 ,           9.4 ,           9.4 ,2420 ,12.66          ,       100.0 ,           35 ,         43.92 ,
 4.638 ,12.06 ,     0 ,     0 ,3.16   ,   0.00 ,         100.0 ,         19.78 ,         70 ,        1 , 80.02 ,     3.12 ,17.27 ,           9.4 ,           9.4 ,2440 ,12.61          ,       100.0 ,           35 ,         43.53 ,
 4.721 ,11.60 ,     0 ,     0 ,3.26   ,   0.00 ,         100.0 ,         20.40 ,         70 ,        1 , 81.46 ,     3.14 ,17.40 ,           9.4 ,           9.4 ,2452 ,12.46          ,       100.0 ,           35 ,         43.53 ,
 4.807 ,11.37 ,     0 ,     0 ,3.34   ,   0.00 ,         100.0 ,         21.22 ,         70 ,        1 , 84.01 ,     3.22 ,17.44 ,           9.4 ,           9.4 ,2486 ,12.43          ,       100.0 ,           36 ,         43.53 ,
 4.911 ,11.03 ,     0 ,     0 ,3.43   ,   0.00 ,         100.0 ,         21.65 ,         70 ,        1 , 84.45 ,     3.14 ,17.58 ,           9.4 ,           9.4 ,2476 ,12.34          ,       100.0 ,           36 ,         43.53 ,
 4.995 ,11.03 ,     0 ,     0 ,3.51   ,   0.00 ,         100.0 ,         23.13 ,         70 ,        1 , 87.12 ,     3.30 ,17.62 ,           9.4 ,           9.4 ,2522 ,12.26          ,       100.0 ,           36 ,         43.53 ,
 5.080 ,11.03 ,     0 ,     0 ,3.60   ,   0.00 ,         100.0 ,         23.30 ,         70 ,        1 , 88.45 ,     3.24 ,17.71 ,           9.4 ,           9.4 ,2540 ,12.16          ,       100.0 ,           37 ,         43.53 ,
 5.169 ,11.03 ,     0 ,     0 ,3.74   ,   0.00 ,         100.0 ,         24.02 ,         70 ,        1 , 90.88 ,     3.30 ,17.87 ,           9.4 ,           9.4 ,2559 ,12.02          ,       100.0 ,           37 ,         43.53 ,
 5.260 ,11.03 ,     0 ,     0 ,3.85   ,   0.00 ,         100.0 ,         24.48 ,         70 ,        1 , 92.87 ,     3.36 ,17.93 ,           9.4 ,           9.4 ,2550 ,11.96          ,       100.0 ,           37 ,         43.53 ,
 5.345 ,11.03 ,     0 ,     0 ,3.92   ,   0.00 ,         100.0 ,         25.35 ,         70 ,        1 , 95.97 ,     3.36 ,18.06 ,           9.4 ,           9.4 ,2583 ,11.83          ,       100.0 ,           37 ,         43.53 ,
 5.445 ,11.03 ,     0 ,     0 ,4.07   ,   0.00 ,         100.0 ,         25.97 ,         70 ,        1 , 98.85 ,     3.32 ,18.22 ,           9.4 ,           9.4 ,2590 ,11.66          ,       100.0 ,           38 ,         43.53 ,
 5.534 ,11.03 ,     0 ,     0 ,4.18   ,   0.00 ,         100.0 ,         26.77 ,         70 ,        1 ,101.72 ,     3.38 ,18.25 ,           9.4 ,           9.4 ,2614 ,11.62          ,       100.0 ,           38 ,         43.53 ,
 5.627 ,11.03 ,     0 ,     0 ,4.27   ,   0.00 ,         100.0 ,         26.80 ,         70 ,        1 ,104.89 ,     3.42 ,18.41 ,           9.4 ,           9.4 ,2617 ,11.46          ,       100.0 ,           38 ,         43.53 ,
 5.717 ,11.03 ,     0 ,     0 ,4.39   ,   0.00 ,         100.0 ,         27.83 ,         70 ,        1 ,108.25 ,     3.50 ,18.51 ,           9.4 ,           9.4 ,2663 ,11.36          ,       100.0 ,           39 ,         43.53 ,
 5.810 ,11.03 ,     0 ,     0 ,4.49   ,   0.00 ,         100.0 ,         29.06 ,         70 ,        1 ,111.39 ,     3.52 ,18.68 ,           9.4 ,           9.4 ,2671 ,11.31          ,       100.0 ,           39 ,         43.53 ,
 5.888 ,11.03 ,     0 ,     0 ,4.60   ,   0.00 ,         100.0 ,         29.91 ,         70 ,        1 ,113.99 ,     3.54 ,18.70 ,           9.4 ,           9.4 ,2696 ,11.18          ,       100.0 ,           39 ,         43.53 ,
 5.981 ,11.03 ,     0 ,     0 ,4.75   ,   0.00 ,         100.0 ,         30.33 ,         70 ,        1 ,116.89 ,     3.52 ,18.80 ,           9.4 ,           9.4 ,2682 ,11.08          ,       100.0 ,           39 ,         43.53 ,
 6.067 ,11.03 ,     0 ,     0 ,4.78   ,   0.00 ,         100.0 ,         31.18 ,         70 ,        1 ,120.20 ,     3.54 ,18.91 ,           9.4 ,           9.4 ,2707 ,10.97          ,       100.0 ,           39 ,         43.53 ,
 6.156 ,11.03 ,     0 ,     0 ,4.89   ,   0.00 ,         100.0 ,         32.52 ,         70 ,        1 ,124.72 ,     3.56 ,19.03 ,           9.4 ,           9.4 ,2722 ,10.85          ,       100.0 ,           39 ,         43.53 ,
 6.246 ,11.03 ,     0 ,     0 ,4.98   ,   0.00 ,         100.0 ,         32.84 ,         70 ,        1 ,126.12 ,     3.64 ,19.12 ,           9.4 ,           9.4 ,2701 ,10.79          ,       100.0 ,           40 ,         43.53 ,
 6.339 ,11.03 ,     0 ,     0 ,5.04   ,   0.00 ,         100.0 ,         34.25 ,         70 ,        1 ,127.55 ,     3.68 ,19.24 ,           9.4 ,           9.4 ,2768 ,10.64          ,       100.0 ,           40 ,         43.53 ,
 6.430 ,11.03 ,     0 ,     0 ,5.13   ,   0.00 ,         100.0 ,         34.22 ,         70 ,        1 ,129.83 ,     3.66 ,19.28 ,           9.4 ,           9.4 ,2765 ,10.67          ,       100.0 ,           40 ,         43.53 ,
 6.525 ,11.03 ,     0 ,     0 ,5.12   ,   0.00 ,         100.0 ,         35.28 ,         70 ,        1 ,133.06 ,     3.66 ,19.26 ,           9.4 ,           9.4 ,2803 ,10.61          ,       100.0 ,           40 ,         43.53 ,
 6.615 ,11.03 ,     0 ,     0 ,5.18   ,   0.00 ,         100.0 ,         36.03 ,         70 ,        1 ,134.87 ,     3.72 ,19.36 ,           9.4 ,           9.4 ,2815 ,10.51          ,       100.0 ,           40 ,         43.53 ,
 6.705 ,11.03 ,     0 ,     0 ,5.27   ,   0.00 ,         100.0 ,         35.91 ,         70 ,        1 ,137.30 ,     3.72 ,19.39 ,           9.4 ,           9.4 ,2760 ,10.45          ,       100.0 ,           40 ,         43.53 ,
 6.799 ,11.03 ,     0 ,     0 ,5.29   ,   0.00 ,         100.0 ,         36.45 ,         70 ,        1 ,139.45 ,     3.72 ,19.53 ,           9.4 ,           9.4 ,2801 ,10.35          ,       100.0 ,           40 ,         43.53 ,
 6.875 ,11.03 ,     0 ,     0 ,5.37   ,   0.00 ,         100.0 ,         36.45 ,         70 ,        1 ,140.96 ,     3.76 ,19.51 ,           9.4 ,           9.4 ,2801 ,10.45          ,       100.0 ,           41 ,         43.53 ,
 6.966 ,11.03 ,     0 ,     0 ,5.39   ,   0.00 ,         100.0 ,         37.24 ,         70 ,        1 ,145.00 ,     3.72 ,19.49 ,           9.4 ,           9.4 ,2816 ,10.39          ,       100.0 ,           41 ,         43.53 ,
 7.055 ,11.03 ,     0 ,     0 ,5.45   ,   0.00 ,         100.0 ,         38.05 ,         70 ,        1 ,144.69 ,     3.78 ,19.55 ,           9.4 ,           9.4 ,2831 ,10.32          ,       100.0 ,           41 ,         43.92 ,
 7.151 ,11.03 ,     0 ,     0 ,5.44   ,   0.00 ,         100.0 ,         38.27 ,         70 ,        1 ,145.00 ,     3.76 ,19.63 ,           9.4 ,           9.4 ,2847 ,10.30          ,       100.0 ,           41 ,         44.31 ,
 7.237 ,11.03 ,     0 ,     0 ,5.48   ,   0.00 ,         100.0 ,         38.60 ,         70 ,        1 ,146.90 ,     3.82 ,19.65 ,           9.4 ,           9.4 ,2828 ,10.23          ,       100.0 ,           41 ,         44.31 ,
 7.328 ,11.03 ,     0 ,     0 ,5.49   ,   0.00 ,         100.0 ,         39.40 ,         70 ,        1 ,147.53 ,     3.76 ,19.63 ,           9.4 ,           9.4 ,2886 ,10.22          ,       100.0 ,           41 ,         44.71 ,
 7.417 ,11.03 ,     0 ,     0 ,5.51   ,   0.00 ,         100.0 ,         40.05 ,         70 ,        1 ,147.53 ,     3.78 ,19.72 ,           9.4 ,           9.4 ,2888 ,10.18          ,       100.0 ,           41 ,         44.31 ,
 7.512 ,11.03 ,     0 ,     0 ,5.56   ,   0.00 ,         100.0 ,         39.18 ,         70 ,        1 ,150.43 ,     3.82 ,19.68 ,           9.4 ,           9.4 ,2826 ,10.18          ,       100.0 ,           42 ,         45.10 ,
 7.595 ,11.03 ,     0 ,     0 ,5.58   ,   0.00 ,         100.0 ,         39.71 ,         70 ,        1 ,150.74 ,     3.80 ,19.70 ,           9.4 ,           9.4 ,2864 ,10.17          ,       100.0 ,           42 ,         45.49 ,
 7.697 ,11.03 ,     0 ,     0 ,5.63   ,   0.00 ,         100.0 ,         40.58 ,         70 ,        1 ,151.40 ,     3.84 ,19.65 ,           9.4 ,           9.4 ,2882 ,10.23          ,       100.0 ,           42 ,         45.88 ,
 7.786 ,11.03 ,     0 ,     0 ,5.62   ,   0.00 ,         100.0 ,         39.97 ,         70 ,        1 ,153.37 ,     3.82 ,19.76 ,           9.4 ,           9.4 ,2839 ,10.11          ,       100.0 ,           42 ,         45.10 ,
 7.864 ,11.03 ,     0 ,     0 ,5.56   ,   0.00 ,         100.0 ,         41.32 ,         70 ,        1 ,153.68 ,     3.80 ,19.74 ,           9.4 ,           9.4 ,2935 ,10.13          ,       100.0 ,           42 ,         44.71 ,
 7.955 ,11.03 ,     0 ,     0 ,5.51   ,   0.00 ,         100.0 ,         41.33 ,         70 ,        1 ,155.02 ,     3.86 ,19.76 ,           9.4 ,           9.4 ,2891 ,10.12          ,       100.0 ,           42 ,         44.71 ,
 8.052 ,11.03 ,     0 ,     0 ,4.41   ,   0.00 ,         100.0 ,         30.77 ,         70 ,        1 ,142.79 ,     3.62 ,19.59 ,           9.4 ,           9.4 ,2828 ,-11.88         ,        18.4 ,           42 ,          0.00 ,
 8.140 ,11.03 ,     0 ,     0 ,-1.76  ,   0.00 ,         100.0 ,         14.91 ,         70 ,        1 ,102.38 ,     3.34 ,14.52 ,           9.4 ,           9.4 ,2796 ,-7.05          ,         9.4 ,           42 ,          0.00 ,
 8.230 ,11.25 ,     0 ,     0 ,-5.41  ,   0.00 ,          33.3 ,          0.00 ,         70 ,        1 , 76.20 ,     3.06 , 8.74 ,           9.4 ,           9.4 ,2918 ,-3.62          ,         8.6 ,           42 ,          0.00 ,
 8.316 ,12.06 ,     0 ,     0 ,-7.22  ,   0.00 ,          33.3 ,          0.00 ,         70 ,        1 , 58.06 ,     2.80 , 7.41 ,           9.4 ,           9.4 ,2825 ,-1.11          ,         8.2 ,           42 ,          0.00 ,
 8.410 ,12.63 ,     0 ,     0 ,-8.28  ,   0.00 ,          33.3 ,          0.00 ,         70 ,        1 , 44.35 ,     2.58 , 6.52 ,           9.4 ,           9.4 ,2870 ,-0.59          ,         7.5 ,           41 ,          0.00 ,
 8.496 ,11.94 ,     0 ,     0 ,-9.11  ,   0.00 ,          33.3 ,          0.00 ,         70 ,        1 , 38.11 ,     2.46 , 5.18 ,           9.4 ,           9.4 ,2825 ,0.01           ,         6.3 ,           41 ,          0.00 ,
 8.584 ,11.71 ,     0 ,     0 ,-9.73  ,   0.00 ,          33.3 ,          0.00 ,         70 ,        1 , 33.64 ,     2.40 , 4.70 ,           9.4 ,           9.4 ,2869 ,0.13           ,         5.5 ,           41 ,          0.00 ,
 8.675 ,11.60 ,     0 ,     0 ,-10.19 ,   0.00 ,          33.3 ,          0.00 ,         70 ,        1 , 31.54 ,     2.34 , 3.98 ,           9.4 ,           9.4 ,2814 ,0.42           ,         5.5 ,           41 ,          0.00 ,
 8.763 ,11.60 ,     0 ,     0 ,-10.40 ,   0.00 ,          33.3 ,          0.00 ,         70 ,        1 , 28.93 ,     2.30 , 3.83 ,           9.4 ,           9.4 ,2800 ,0.88           ,         5.5 ,           41 ,          0.00 ,
 8.858 ,12.06 ,     0 ,     0 ,-10.50 ,   0.00 ,          33.3 ,          0.00 ,         70 ,        1 , 26.92 ,     2.26 , 3.71 ,           9.4 ,           9.4 ,2767 ,0.99           ,         5.5 ,           40 ,          0.00 ,
 8.955 ,12.40 ,     0 ,     0 ,-10.55 ,   0.00 ,          33.3 ,          0.00 ,         70 ,        1 , 25.53 ,     2.22 , 3.58 ,           9.4 ,           9.4 ,2806 ,1.19           ,         5.5 ,           40 ,          0.00 ,
 9.038 ,12.63 ,     0 ,     0 ,-10.58 ,   0.00 ,          33.3 ,          0.00 ,         70 ,        1 , 24.14 ,     2.18 , 3.58 ,           9.4 ,           9.4 ,2800 ,1.26           ,         5.5 ,           40 ,          0.00 ,
 9.123 ,12.52 ,     0 ,     0 ,-10.64 ,   0.00 ,          33.3 ,          0.00 ,         70 ,        1 , 23.62 ,     2.16 , 3.50 ,           9.4 ,           9.4 ,2778 ,1.29           ,         5.5 ,           40 ,          0.00 ,
 9.219 ,11.83 ,     0 ,     0 ,-10.69 ,   0.00 ,          33.3 ,          0.00 ,         70 ,        1 , 22.50 ,     2.12 , 3.46 ,           9.4 ,           9.4 ,2750 ,1.42           ,         5.5 ,           40 ,          0.00 ,
 9.306 ,12.40 ,     0 ,     0 ,-10.75 ,   0.00 ,          33.3 ,          0.00 ,         70 ,        1 , 21.29 ,     2.10 , 3.36 ,           9.4 ,           9.4 ,2722 ,1.49           ,         5.5 ,           40 ,          0.00 ,
 9.397 ,13.32 ,     0 ,     0 ,-10.74 ,   0.00 ,          33.3 ,          0.00 ,         70 ,        1 , 20.66 ,     2.08 , 3.40 ,           9.4 ,           9.4 ,2726 ,1.52           ,         5.5 ,           40 ,          0.00 ,
 9.495 ,14.36 ,     0 ,     0 ,-10.70 ,   0.00 ,          33.3 ,          0.00 ,         70 ,        1 , 19.78 ,     2.06 , 3.42 ,           9.4 ,           9.4 ,2713 ,1.55           ,         5.5 ,           40 ,          0.00 ,
 9.578 ,16.19 ,     0 ,     0 ,-10.69 ,   0.00 ,          33.3 ,          0.00 ,         70 ,        1 , 19.07 ,     2.04 , 3.46 ,           9.4 ,           9.4 ,2734 ,1.43           ,         5.5 ,           39 ,          0.00 ,
 9.671 ,18.49 ,     0 ,     0 ,-10.73 ,   0.00 ,          33.3 ,          0.00 ,         70 ,        1 , 18.76 ,     2.02 , 3.42 ,           9.4 ,           9.4 ,2728 ,1.51           ,         5.1 ,           39 ,          0.00 ,
 9.765 ,20.44 ,     0 ,     0 ,-10.75 ,   0.00 ,          33.3 ,          0.00 ,         70 ,        1 , 18.25 ,     2.00 , 3.38 ,           9.4 ,           9.4 ,2709 ,1.53           ,         5.1 ,           39 ,          0.00 ,
 9.855 ,20.44 ,     0 ,     0 ,-10.78 ,   0.00 ,          33.3 ,          0.00 ,         70 ,        1 , 17.67 ,     1.98 , 3.38 ,           9.4 ,           9.4 ,2703 ,1.70           ,         5.5 ,           39 ,          0.00 ,
 9.939 ,20.44 ,     0 ,     0 ,-10.79 ,   0.00 ,          33.3 ,          0.00 ,         70 ,        1 , 17.38 ,     1.98 , 3.36 ,           9.4 ,           9.4 ,2690 ,1.75           ,         5.1 ,           39 ,          0.00 ,
10.025 ,20.44 ,     0 ,     0 ,-10.79 ,   0.00 ,          33.3 ,          0.00 ,         70 ,        1 , 17.16 ,     1.98 , 3.36 ,           9.4 ,           9.4 ,2687 ,1.76           ,         5.1 ,           39 ,          0.00 ,
10.115 ,20.44 ,     0 ,     0 ,-10.82 ,   0.00 ,          33.3 ,          0.00 ,         70 ,        1 , 16.87 ,     1.96 , 3.36 ,           9.4 ,           9.4 ,2677 ,1.70           ,         5.1 ,           39 ,          0.00 ,
10.204 ,20.44 ,     0 ,     0 ,-10.84 ,   0.00 ,          33.3 ,          0.00 ,         70 ,        1 , 16.44 ,     1.94 , 3.31 ,           9.4 ,           9.4 ,2665 ,1.72           ,         5.1 ,           39 ,          0.00 ,
10.293 ,20.44 ,     0 ,     0 ,-10.84 ,   0.00 ,          33.3 ,          0.00 ,         70 ,        1 , 16.18 ,     1.94 , 3.31 ,           9.4 ,           9.4 ,2655 ,1.91           ,         5.1 ,           38 ,          0.00 ,
10.384 ,20.44 ,     0 ,     0 ,-10.86 ,   0.00 ,          33.3 ,          0.00 ,         70 ,        1 , 16.11 ,     1.94 , 3.29 ,           9.4 ,           9.4 ,2638 ,1.93           ,         5.1 ,           38 ,          0.00 ,
10.473 ,20.44 ,     0 ,     0 ,-10.87 ,   0.00 ,          33.3 ,          0.00 ,         70 ,        1 , 15.85 ,     1.92 , 3.29 ,           9.4 ,           9.4 ,2631 ,1.90           ,         5.1 ,           38 ,          0.00 ,
10.572 ,20.44 ,     0 ,     0 ,-10.90 ,   0.00 ,          33.3 ,          0.00 ,         70 ,        1 , 15.65 ,     1.92 , 3.25 ,           9.4 ,           9.4 ,2586 ,2.03           ,         5.1 ,           38 ,          0.00 ,
10.655 ,20.44 ,     0 ,     0 ,-10.90 ,   0.00 ,          33.3 ,          0.00 ,         70 ,        1 , 15.65 ,     1.92 , 3.25 ,           9.4 ,           9.4 ,2576 ,2.06           ,         5.1 ,           37 ,          0.00 ,
10.751 ,20.44 ,     0 ,     0 ,-10.86 ,   0.00 ,          33.3 ,          0.00 ,         70 ,        1 , 15.52 ,     1.90 , 3.27 ,           9.4 ,           9.4 ,2568 ,2.00           ,         5.1 ,           37 ,          0.00 ,
10.836 ,20.44 ,     0 ,     0 ,-10.86 ,   0.00 ,          33.3 ,          0.00 ,         70 ,        1 , 15.19 ,     1.90 , 3.29 ,           9.4 ,           9.4 ,2551 ,2.00           ,         5.1 ,           37 ,          0.00 ,
10.931 ,20.44 ,     0 ,     0 ,-10.86 ,   0.00 ,          33.3 ,          0.00 ,         70 ,        1 , 15.32 ,     1.90 , 3.29 ,           9.4 ,           9.4 ,2574 ,2.13           ,         5.1 ,           37 ,          0.00 ,
11.019 ,20.44 ,     0 ,     0 ,-10.73 ,   0.00 ,          33.3 ,          6.10 ,         70 ,        1 , 18.47 ,     2.10 , 3.29 ,           9.4 ,           9.4 ,2602 ,4.59           ,         9.4 ,           37 ,          0.00 ,
11.103 ,20.44 ,     0 ,     0 ,-9.75  ,   0.00 ,          33.3 ,          7.67 ,         70 ,        1 , 23.10 ,     2.24 , 4.39 ,           9.4 ,           9.4 ,2567 ,5.26           ,        12.9 ,           37 ,          0.00 ,
11.193 ,20.44 ,     0 ,     0 ,-8.13  ,   0.00 ,          66.7 ,         12.12 ,         70 ,        1 , 32.09 ,     2.50 , 5.28 ,           9.4 ,           9.4 ,2582 ,9.23           ,        18.8 ,           37 ,          0.00 ,
11.292 ,20.44 ,     0 ,     0 ,-5.11  ,   0.00 ,          66.7 ,         14.03 ,         70 ,        1 , 43.97 ,     2.68 , 7.29 ,           9.4 ,           9.4 ,2530 ,9.51           ,        25.1 ,           37 ,         48.24 ,
11.380 ,20.44 ,     0 ,     0 ,-1.51  ,   0.00 ,         100.0 ,         16.53 ,         70 ,        1 , 57.91 ,     2.78 ,12.09 ,           9.4 ,           9.4 ,2582 ,17.78          ,        77.6 ,           37 ,         42.35 ,
11.472 ,18.60 ,     0 ,     0 ,0.17   ,   0.00 ,         100.0 ,         14.85 ,         70 ,        1 , 55.96 ,     2.86 ,14.12 ,           9.4 ,           9.4 ,2578 ,15.75          ,       100.0 ,           37 ,         43.92 ,
11.565 ,16.19 ,     0 ,     0 ,0.49   ,   0.00 ,         100.0 ,         16.09 ,         70 ,        1 , 59.41 ,     2.98 ,14.58 ,           9.4 ,           9.4 ,2601 ,15.49          ,       100.0 ,           37 ,         43.92 ,
11.650 ,14.36 ,     0 ,     0 ,0.79   ,   0.00 ,         100.0 ,         18.00 ,         70 ,        1 , 64.40 ,     3.02 ,14.83 ,           9.4 ,           9.4 ,2636 ,15.05          ,       100.0 ,           38 ,         43.92 ,
11.733 ,13.67 ,     0 ,     0 ,1.19   ,   0.00 ,         100.0 ,         19.17 ,         70 ,        1 , 68.82 ,     3.02 ,15.12 ,           9.4 ,           9.4 ,2643 ,14.76          ,       100.0 ,           38 ,         43.92 ,
11.826 ,13.09 ,     0 ,     0 ,1.58   ,   0.00 ,         100.0 ,         20.01 ,         70 ,        1 , 72.93 ,     3.12 ,15.66 ,           9.4 ,           9.4 ,2680 ,14.21          ,       100.0 ,           39 ,         43.92 ,
11.920 ,12.75 ,     0 ,     0 ,2.02   ,   0.00 ,         100.0 ,         21.20 ,         70 ,        1 , 78.20 ,     3.12 ,16.01 ,           9.4 ,           9.4 ,2686 ,13.86          ,       100.0 ,           39 ,         43.92 ,
12.014 ,12.29 ,     0 ,     0 ,2.40   ,   0.00 ,         100.0 ,         22.55 ,         70 ,        1 , 83.34 ,     3.22 ,16.53 ,           9.4 ,           9.4 ,2710 ,13.59          ,       100.0 ,           39 ,         43.92 ,
12.097 ,11.94 ,     0 ,     0 ,2.82   ,   0.00 ,         100.0 ,         24.53 ,         70 ,        1 , 88.43 ,     3.34 ,16.86 ,           9.4 ,           9.4 ,2738 ,13.01          ,       100.0 ,           39 ,         43.92 ,
12.191 ,11.25 ,     0 ,     0 ,3.23   ,   0.00 ,         100.0 ,         26.47 ,         70 ,        1 , 94.99 ,     3.38 ,17.36 ,           9.4 ,           9.4 ,2758 ,12.77          ,       100.0 ,           40 ,         43.92 ,
12.276 ,11.03 ,     0 ,     0 ,3.56   ,   0.00 ,         100.0 ,         27.93 ,         70 ,        1 ,100.76 ,     3.38 ,17.60 ,           9.4 ,           9.4 ,2727 ,12.27          ,       100.0 ,           40 ,         43.92 ,
12.363 ,11.03 ,     0 ,     0 ,3.88   ,   0.00 ,         100.0 ,         29.34 ,         70 ,        1 ,106.96 ,     3.44 ,17.89 ,           9.4 ,           9.4 ,2751 ,11.99          ,       100.0 ,           40 ,         43.53 ,
12.457 ,11.03 ,     0 ,     0 ,4.16   ,   0.00 ,         100.0 ,         31.32 ,         70 ,        1 ,111.64 ,     3.54 ,18.29 ,           9.4 ,           9.4 ,2770 ,11.81          ,       100.0 ,           40 ,         43.92 ,
12.544 ,11.03 ,     0 ,     0 ,4.46   ,   0.00 ,         100.0 ,         32.50 ,         70 ,        1 ,116.35 ,     3.52 ,18.45 ,           9.4 ,           9.4 ,2822 ,11.43          ,       100.0 ,           40 ,         44.31 ,
12.647 ,11.03 ,     0 ,     0 ,4.64   ,   0.00 ,         100.0 ,         33.50 ,         70 ,        1 ,122.19 ,     3.62 ,18.78 ,           9.4 ,           9.4 ,2804 ,11.20          ,       100.0 ,           41 ,         43.92 ,
12.733 ,11.03 ,     0 ,     0 ,4.85   ,   0.00 ,         100.0 ,         35.46 ,         70 ,        1 ,127.25 ,     3.62 ,18.93 ,           9.4 ,           9.4 ,2818 ,10.94          ,       100.0 ,           41 ,         44.71 ,
12.819 ,11.03 ,     0 ,     0 ,5.01   ,   0.00 ,         100.0 ,         36.82 ,         70 ,        1 ,131.88 ,     3.70 ,19.03 ,           9.4 ,           9.4 ,2830 ,10.85          ,       100.0 ,           41 ,         45.10 ,
12.907 ,11.03 ,     0 ,     0 ,5.14   ,   0.00 ,         100.0 ,         38.07 ,         70 ,        1 ,136.40 ,     3.68 ,19.30 ,           9.4 ,           9.4 ,2878 ,10.66          ,       100.0 ,           41 ,         44.71 ,
12.995 ,11.03 ,     0 ,     0 ,5.24   ,   0.00 ,         100.0 ,         39.34 ,         70 ,        1 ,140.96 ,     3.78 ,19.43 ,           9.4 ,           9.4 ,2882 ,10.45          ,       100.0 ,           42 ,         45.10 ,
13.089 ,11.03 ,     0 ,     0 ,5.44   ,   0.00 ,         100.0 ,         39.62 ,         70 ,        1 ,143.74 ,     3.74 ,19.59 ,           9.4 ,           9.4 ,2857 ,10.40          ,       100.0 ,           42 ,         45.88 ,
13.185 ,11.03 ,     0 ,     0 ,5.58   ,   0.00 ,         100.0 ,         40.26 ,         70 ,        1 ,146.27 ,     3.80 ,19.65 ,           9.4 ,           9.4 ,2860 ,10.26          ,       100.0 ,           42 ,         44.71 ,
13.272 ,11.03 ,     0 ,     0 ,5.42   ,   0.00 ,         100.0 ,         38.28 ,         70 ,        1 ,147.22 ,     3.66 ,19.65 ,           9.4 ,           9.4 ,2894 ,10.22          ,        24.7 ,           42 ,          0.00 ,
13.365 ,11.03 ,     0 ,     0 ,-1.03  ,   0.00 ,         100.0 ,         18.83 ,         70 ,        1 ,110.79 ,     3.32 ,13.88 ,           9.4 ,           9.4 ,2758 ,-6.36          ,         9.8 ,           42 ,          0.00 ,
13.447 ,11.14 ,     0 ,     0 ,-5.11  ,   0.00 ,          66.7 ,          0.00 ,         70 ,        1 , 76.02 ,     3.10 ,10.31 ,           9.4 ,           9.4 ,2914 ,-3.34          ,         9.0 ,           42 ,          0.00 ,
13.542 ,11.83 ,     0 ,     0 ,-6.85  ,   0.00 ,          33.3 ,          0.00 ,         70 ,        1 , 59.77 ,     2.80 , 7.29 ,           9.4 ,           9.4 ,2808 ,-1.62          ,         8.2 ,           42 ,          0.00 ,
13.626 ,12.75 ,     0 ,     0 ,-8.04  ,   0.00 ,          33.3 ,          0.00 ,         70 ,        1 , 45.38 ,     2.58 , 6.42 ,           9.4 ,           9.4 ,2916 ,-0.52          ,         7.5 ,           41 ,          0.00 ,
13.712 ,12.17 ,     0 ,     0 ,-8.93  ,   0.00 ,          33.3 ,          0.00 ,         70 ,        1 , 38.83 ,     2.46 , 5.65 ,           9.4 ,           9.4 ,2786 ,-0.16          ,         6.7 ,           41 ,          0.00 ,
13.812 ,12.06 ,     0 ,     0 ,-9.56  ,   0.00 ,          33.3 ,          0.00 ,         70 ,        1 , 34.34 ,     2.40 , 4.66 ,           9.4 ,           9.4 ,2816 ,0.18           ,         5.5 ,           41 ,          0.00 ,
13.898 ,11.94 ,     0 ,     0 ,-10.11 ,   0.00 ,          33.3 ,          0.00 ,         70 ,        1 , 32.31 ,     2.34 , 4.25 ,           9.4 ,           9.4 ,2823 ,0.44           ,         5.5 ,           41 ,          0.00 ,
13.991 ,11.71 ,     0 ,     0 ,-10.32 ,   0.00 ,          33.3 ,          0.00 ,         70 ,        1 , 29.33 ,     2.30 , 3.81 ,           9.4 ,           9.4 ,2831 ,0.85           ,         5.5 ,           40 ,          0.00 ,
14.084 ,12.06 ,     0 ,     0 ,-10.49 ,   0.00 ,          33.3 ,          0.00 ,         70 ,        1 , 27.23 ,     2.26 , 3.71 ,           9.4 ,           9.4 ,2799 ,1.05           ,         5.5 ,           40 ,          0.00 ,
14.169 ,12.40 ,     0 ,     0 ,-10.54 ,   0.00 ,          33.3 ,          0.00 ,         70 ,        1 , 25.63 ,     2.22 , 3.65 ,           9.4 ,           9.4 ,2777 ,1.23           ,         5.5 ,           40 ,          0.00 ,
14.257 ,12.98 ,     0 ,     0 ,-10.55 ,   0.00 ,          33.3 ,          0.00 ,         70 ,        1 , 24.24 ,     2.18 , 3.60 ,           9.4 ,           9.4 ,2748 ,1.23           ,         5.5 ,           40 ,          0.00 ,
14.349 ,12.75 ,     0 ,     0 ,-10.60 ,   0.00 ,          33.3 ,          0.00 ,         70 ,        1 , 23.28 ,     2.14 , 3.56 ,           9.4 ,           9.4 ,2750 ,1.32           ,         5.5 ,           40 ,          0.00 ,
14.442 ,12.52 ,     0 ,     0 ,-10.68 ,   0.00 ,          33.3 ,          0.00 ,         70 ,        1 , 22.32 ,     2.12 , 3.46 ,           9.4 ,           9.4 ,2779 ,1.34           ,         5.5 ,           40 ,          0.00 ,
14.531 ,12.75 ,     0 ,     0 ,-10.69 ,   0.00 ,          33.3 ,          0.00 ,         70 ,        1 , 21.05 ,     2.08 , 3.42 ,           9.4 ,           9.4 ,2741 ,1.55           ,         5.5 ,           40 ,          0.00 ,
14.616 ,13.67 ,     0 ,     0 ,-10.69 ,   0.00 ,          33.3 ,          0.00 ,         70 ,        1 , 20.34 ,     2.08 , 3.46 ,           9.4 ,           9.4 ,2753 ,1.43           ,         5.5 ,           39 ,          0.00 ,
